budget,id,original_language,original_title,popularity,release_date,revenue,runtime,status,tagline,title,vote_average,vote_count
0,89861,en,Stiff Upper Lips,0.356495,6/12/1998,0,99,Released,,Stiff Upper Lips,10,1
0,78373,en,Dancer; Texas Pop. 81,0.376662,5/1/1998,565592,97,Released,in the middle of nowhere they had everything,Dancer; Texas Pop. 81,10,1
1,361505,en,Me You and Five Bucks,0.094105,7/7/2015,0,90,Released,A story about second; second chances,Me You and Five Bucks,10,2
0,40963,en,Little Big Top,0.0921,1/1/2006,0,0,Rumored,,Little Big Top,10,1
0,346081,en,Sardaarji,0.296981,6/26/2015,0,0,Released,,Sardaarji,9.5,2
0,69848,en,One Man's Hero,0.910529,8/2/1999,0,121,Released,One man's hero is another man's traitor.,One Man's Hero,9.3,2
25000000,278,en,The Shawshank Redemption,136.747729,9/23/1994,28341469,142,Released,Fear can hold you prisoner. Hope can set you free.,The Shawshank Redemption,8.5,8205
10500000,88641,en,There Goes My Baby,0.037073,9/2/1994,123509,99,Released,,There Goes My Baby,8.5,2
0,43867,en,The Prisoner of Zenda,4.021389,9/3/1937,0,101,Released,The most thrilling swordfight ever filmed...,The Prisoner of Zenda,8.4,11
6000000,238,en,The Godfather,143.659698,3/14/1972,245066411,175,Released,An offer you can't refuse.,The Godfather,8.4,5893
63000000,550,en,Fight Club,146.757391,10/15/1999,100853753,139,Released,Mischief. Mayhem. Soap.,Fight Club,8.3,9413
22000000,424,en,Schindler's List,104.469351,11/29/1993,321365567,195,Released,Whoever saves one life; saves the world entire.,Schindler's List,8.3,4329
13000000,240,en,The Godfather: Part II,105.792936,12/20/1974,47542841,200,Released,I don't feel I have to wipe everybody out; Tom. Just my enemies.,The Godfather: Part II,8.3,3338
8000000,680,en,Pulp Fiction,121.463076,10/8/1994,213928762,154,Released,Just because you are a character doesn't mean you have character.,Pulp Fiction,8.3,8428
3300000,244786,en,Whiplash,192.528841,10/10/2014,13092000,105,Released,The road to greatness can take you to the edge.,Whiplash,8.3,4254
50000,322745,en,Counting,0.293587,2/9/2015,0,111,Released,,Counting,8.3,3
185000000,155,en,The Dark Knight,187.322927,7/16/2008,1004558444,152,Released,Why So Serious?,The Dark Knight,8.2,12002
60000000,497,en,The Green Mile,103.698022,12/10/1999,284600000,189,Released,Miracles do happen.,The Green Mile,8.2,4048
55000000,13,en,Forrest Gump,138.133331,7/6/1994,677945399,142,Released,The world will never be the same; once you've seen it through the eyes of Forrest Gump.,Forrest Gump,8.2,7927
30000000,311,en,Once Upon a Time in America,49.336397,2/16/1984,0,229,Released,Crime; passion and lust for power - Sergio Leone's explosive saga of gangland America.,Once Upon a Time in America,8.2,1069
25000000,769,en,GoodFellas,63.654244,9/12/1990,46836394,145,Released,Three Decades of Life in the Mafia.,GoodFellas,8.2,3128
18000000,1891,en,The Empire Strikes Back,78.51783,5/17/1980,538400000,124,Released,The Adventure Continues...,The Empire Strikes Back,8.2,5879
806948,539,en,Psycho,93.067866,6/16/1960,32000000,109,Released,The master of suspense moves his cameras into the icy blackness of the unexplored!,Psycho,8.2,2320
10000000,30973,en,The Visual Bible: The Gospel of John,3.208172,9/11/2003,4069090,125,Released,For God loved the world So much...,The Visual Bible: The Gospel of John,8.2,12
20000000,73,en,American History X,73.567232,10/30/1998,23875127,119,Released,Some Legacies Must End.,American History X,8.2,3016
3000000,510,en,One Flew Over the Cuckoo's Nest,127.525581,11/18/1975,108981275,133,Released,If he's crazy; what does that make you?,One Flew Over the Cuckoo's Nest,8.2,2919
0,17663,en,Anne of Green Gables,8.772574,12/1/1985,0,199,Released,,Anne of Green Gables,8.2,68
350000,389,en,12 Angry Men,59.259204,3/25/1957,1000000,96,Released,Life is in their hands. Death is on their minds.,12 Angry Men,8.2,2078
165000000,157336,en,Interstellar,724.247784,11/5/2014,675120017,169,Released,Mankind was born on Earth. It was never meant to die here.,Interstellar,8.1,10867
160000000,27205,en,Inception,167.58371,7/14/2010,825532764,148,Released,Your mind is the scene of the crime.,Inception,8.1,13752
94000000,122,en,The Lord of the Rings: The Return of the King,123.630332,12/1/2003,1118888979,201,Released,The eye of the enemy is moving.,The Lord of the Rings: The Return of the King,8.1,8064
33000000,807,en,Se7en,79.579532,9/22/1995,327311859,127,Released,Seven deadly sins. Seven ways to die.,Se7en,8.1,5765
19000000,274,en,The Silence of the Lambs,18.174804,2/1/1991,272742922,119,Released,To enter the mind of a killer she must challenge the mind of a madman.,The Silence of the Lambs,8.1,4443
19000000,694,en,The Shining,78.699993,5/22/1980,44017374,144,Released,A masterpiece of modern horror.,The Shining,8.1,3757
16400000,207,en,Dead Poets Society,55.458584,6/2/1989,235860116,129,Released,He was their inspiration. He made their lives extraordinary.,Dead Poets Society,8.1,2705
6000000,264644,en,Room,66.11334,10/16/2015,35401758,117,Released,Love knows no boundaries,Room,8.1,2757
11000000,11,en,Star Wars,126.393695,5/25/1977,775398007,121,Released,A long time ago in a galaxy far; far away...,Star Wars,8.1,6624
10000000,27322,en,Love Jones,1.000178,3/14/1997,0,104,Released,Get Together. Fall Apart. Start Over.,Love Jones,8.1,12
6000000,629,en,The Usual Suspects,64.025031,7/19/1995,23341568,106,Released,Five Criminals. One Line Up. No Coincidence.,The Usual Suspects,8.1,3254
9000000,77,en,Memento,60.715151,10/11/2000,39723096,113,Released,Some memories are best forgotten.,Memento,8.1,4028
5000000,335,it,C'era una volta il West,49.333137,12/21/1968,5321508,175,Released,There were three men in her life. One to take her... one to love her... and one to kill her.,Once Upon a Time in the West,8.1,1128
3300000,598,pt,Cidade de Deus,44.356711,2/5/2002,30641770,130,Released,If you run you're dead... if you stay; you're dead again. Period.,City of God,8.1,1814
3000000,284,en,The Apartment,22.889294,6/15/1960,25000000,125,Released,Movie-wise; there has never been anything like it - laugh-wise; love-wise; or otherwise-wise!,The Apartment,8.1,483
1,3082,en,Modern Times,28.27648,2/5/1936,8500000,87,Released,He stands alone as the greatest entertainer of modern times! No one on earth can make you laugh as heartily or touch your heart as deeply...the whole world laughs; cries and thrills to his priceless genius!,Modern Times,8.1,856
1200000,429,it,Il buono; il brutto; il cattivo,88.377076,12/23/1966,6000000,161,Released,For three men the Civil War wasn't hell. It was practice.,The Good; the Bad and the Ugly,8.1,2311
175000000,150540,en,Inside Out,128.655964,6/9/2015,857611174,94,Released,Meet the little voices inside your head.,Inside Out,8,6560
93000000,120,en,The Lord of the Rings: The Fellowship of the Ring,138.049577,12/18/2001,871368364,178,Released,One ring to rule them all,The Lord of the Rings: The Fellowship of the Ring,8,8705
79000000,121,en,The Lord of the Rings: The Two Towers,106.914973,12/18/2002,926287400,179,Released,A New Power Is Rising.,The Lord of the Rings: The Two Towers,8,7487
45000000,8587,en,The Lion King,90.457886,6/23/1994,788241776,89,Released,Life's greatest adventure is finding your place in the Circle of Life.,The Lion King,8,5376
40000000,1124,en,The Prestige,74.440708,10/19/2006,109676311,130,Released,Are You Watching Closely?,The Prestige,8,4391
35000000,423,en,The Pianist,50.587541,9/24/2002,120072577,150,Released,Music was his passion. Survival was his masterpiece.,The Pianist,8,1864
31500000,28,en,Apocalypse Now,49.973462,8/15/1979,89460381,153,Released,This is the end...,Apocalypse Now,8,2055
30000000,120467,en,The Grand Budapest Hotel,74.417456,2/26/2014,174600318,99,Released,A perfect holiday without leaving home.,The Grand Budapest Hotel,8,4519
25000000,111,en,Scarface,70.105981,12/8/1983,65884703,170,Released,The world is yours...,Scarface,8,2948
19000000,105,en,Back to the Future,76.603233,7/3/1985,381109762,116,Released,He's the only kid ever to get into trouble before he was born.,Back to the Future,8,6079
14000000,205596,en,The Imitation Game,145.364591,11/14/2014,233555708,113,Released,The true enigma was the man who cracked the code.,The Imitation Game,8,5723
92620000,19,de,Metropolis,32.351527,1/10/1927,650422,153,Released,There can be no understanding between the hands and the brain unless the heart acts as mediator.,Metropolis,8,657
10000000,164558,en,One Direction: This Is Us,7.944457,8/28/2013,0,92,Released,A motion picture event.,One Direction: This Is Us,8,201
0,333355,en,Star Wars: Clone Wars (Volume 1),1.881466,3/21/2005,0,69,Released,,Star Wars: Clone Wars: Volume 1,8,27
6500000,14631,en,The Work and the Glory II: American Zion,2.639106,10/21/2005,2025032,100,Released,,The Work and the Glory II: American Zion,8,6
6000000,57612,en,Dolphins and Whales: Tribes of the Ocean,0.041651,2/15/2008,7518876,42,Released,,Dolphins and Whales: Tribes of the Ocean,8,3
0,44260,en,Lake of Fire,0.475748,9/9/2006,25,152,Released,Exploring the Issue that Divides the World,Lake of Fire,8,10
4000000,89708,en,Samsara,12.781973,9/16/2011,0,102,Released,,Samsara,8,167
2000000,108346,en,Dreaming of Joseph Lees,0.11615,10/29/1999,7,92,Released,,Dreaming of Joseph Lees,8,1
3180000,1585,en,It's a Wonderful Life,42.868495,12/20/1946,9644124,130,Released,It's a wonderful laugh! It's a wonderful love!,It's a Wonderful Life,8,1076
2883848,239,en,Some Like It Hot,39.30982,3/18/1959,25000000,122,Released,The movie too HOT for words!,Some Like It Hot,8,808
2000000,595,en,To Kill a Mockingbird,22.139842,12/25/1962,13129846,129,Released,,To Kill a Mockingbird,8,657
1800000,935,en,Dr. Strangelove or: How I Learned to Stop Worrying and Love the Bomb,41.996783,1/29/1964,9440272,95,Released,The hot-line suspense comedy,Dr. Strangelove or: How I Learned to Stop Worrying and Love the Bomb,8,1442
1200000,500,en,Reservoir Dogs,66.925866,9/2/1992,14661007,99,Released,Every dog has his day.,Reservoir Dogs,8,3697
1300000,103,en,Taxi Driver,58.845025,2/7/1976,28262574,114,Released,On every street in every city; there's a nobody who dreams of being a somebody.,Taxi Driver,8,2535
0,99826,en,The Jimmy Show,0.098351,1/16/2002,0,96,Released,,The Jimmy Show,8,1
0,357441,en,Karachi se Lahore,0.060003,7/31/2015,0,0,Released,,Karachi se Lahore,8,1
910000,654,en,On the Waterfront,16.015599,6/22/1954,9600000,108,Released,The Man Lived by the Jungle Law of the Docks!,On the Waterfront,8,357
0,40862,en,Iraq for Sale: The War Profiteers,1.517771,1/1/2006,0,75,Released,,Iraq for Sale: The War Profiteers,8,6
0,328307,en,Rise of the Entrepreneur: The Search for a Better Way,0.052942,11/20/2014,0,0,Released,,Rise of the Entrepreneur: The Search for a Better Way,8,1
300000,21525,en,Tupac: Resurrection,1.314576,1/23/2003,7808524,112,Released,In his own words,Tupac: Resurrection,8,26
200000,40920,en,The Business of Fancydancing,0.06104,1/14/2002,0,103,Released,Sometimes going home is the hardest journey of all.,The Business of Fancydancing,8,2
0,287815,en,Call + Response,0.062089,10/10/2008,0,86,Released,A FILM ABOUT THE WORLD'S 27 MILLION MOST TERRIFYING SECRETS.,Call + Response,8,1
170000000,118340,en,Guardians of the Galaxy,481.098624,7/30/2014,773328629,121,Released,All heroes start somewhere.,Guardians of the Galaxy,7.9,9742
103000000,98,en,Gladiator,95.301296,5/1/2000,457640427,155,Released,A Hero Will Rise.,Gladiator,7.9,5439
100000000,106646,en,The Wolf of Wall Street,95.007934,12/25/2013,392000694,180,Released,EARN. SPEND. PARTY.,The Wolf of Wall Street,7.9,6571
90000000,1422,en,The Departed,63.429157,10/5/2006,289847354,151,Released,Lies. Betrayal. Sacrifice. How far will you take it?,The Departed,7.9,4339
70000000,16869,en,Inglourious Basterds,72.595961,8/18/2009,319131050,153,Released,Once upon a time in Nazi occupied France...,Inglourious Basterds,7.9,6430
70000000,857,en,Saving Private Ryan,76.041867,7/24/1998,481840909,169,Released,The mission is a man.,Saving Private Ryan,7.9,5048
63000000,603,en,The Matrix,104.309993,3/30/1999,463517383,136,Released,Welcome to the Real World.,The Matrix,7.9,8907
61000000,210577,en,Gone Girl,143.041543,10/1/2014,369330363,145,Released,You don't know what you've got 'til it's...,Gone Girl,7.9,5862
46000000,146233,en,Prisoners,88.496873,9/18/2013,122126687,153,Released,Every moment matters.,Prisoners,7.9,3085
32350000,1892,en,Return of the Jedi,46.509071,5/23/1983,572700000,135,Released,The Empire Falls...,Return of the Jedi,7.9,4665
28000000,78,en,Blade Runner,94.056131,6/25/1982,33139618,117,Released,Man has made his match... now it's his problem.,Blade Runner,7.9,3509
25000000,7345,en,There Will Be Blood,37.817905,12/28/2007,77208711,158,Released,There Will Be Greed. There Will Be Vengeance.,There Will Be Blood,7.9,1537
23000000,152601,en,Her,53.682367,12/18/2013,47351251,126,Released,A Spike Jonze Love Story,Her,7.9,4097
20000000,76203,en,12 Years a Slave,95.9229,10/18/2013,187000000,134,Released,The extraordinary true story of Solomon Northup,12 Years a Slave,7.9,3674
20000000,38,en,Eternal Sunshine of the Spotless Mind,56.481487,3/19/2004,72258126,108,Released,You can erase someone from your mind. Getting them out of your heart is another story.,Eternal Sunshine of the Spotless Mind,7.9,3652
15000000,14,en,American Beauty,80.878605,9/15/1999,356296601,122,Released,Look closer.,American Beauty,7.9,3313
14000000,387,de,Das Boot,26.967494,9/16/1981,85000000,149,Released,When the hunters become the hunted,Das Boot,7.9,613
10500000,62,en,2001: A Space Odyssey,86.201184,4/10/1968,68700000,149,Released,An epic drama of adventure and exploration,2001: A Space Odyssey,7.9,2998
10000000,489,en,Good Will Hunting,43.734886,12/5/1997,225933435,126,Released,Some people can never believe in themselves; until someone believes in them.,Good Will Hunting,7.9,2811
11000000,348,en,Alien,94.184658,5/25/1979,104931801,117,Released,In space no one can hear you scream.,Alien,7.9,4470
0,71157,fr,Polisse,14.038703,10/6/2011,20374201,127,Released,,Polisse,7.9,285
6800000,46738,fr,Incendies,21.285206,9/4/2010,7103838,130,Released,The search began at the opening of their mother's will.,Incendies,7.9,479
5500000,9277,en,The Sting,28.500913,12/25/1973,159616327,129,Released,...all it takes is a little confidence.,The Sting,7.9,622
5000000,1955,en,The Elephant Man,30.271066,10/2/1980,26010864,124,Released,I am not an animal! I am a human being! I... am... a man!,The Elephant Man,7.9,719
5000000,152532,en,Dallas Buyers Club,59.454473,9/7/2013,55198285,117,Released,Sometimes it takes a hustler to change the world,Dallas Buyers Club,7.9,2886
4500000,641,en,Requiem for a Dream,11.573034,10/27/2000,7390108,102,Released,,Requiem for a Dream,7.9,2443
3500000,142061,en,Batman: The Dark Knight Returns; Part 2,25.891466,1/18/2013,0,78,Released,Justice Returns... Vengeance Returns... Redemption Comes to Gotham.,Batman: The Dark Knight Returns; Part 2,7.9,419
3800000,103663,da,Jagten,21.826888,8/28/2012,16800000,115,Released,The lie is spreading.,The Hunt,7.9,927
2000000,582,de,Das Leben der Anderen,34.938177,3/15/2006,70000000,137,Released,Before the Fall of the Berlin Wall; East Germany's Secret Police Listened to Your Secrets.,The Lives of Others,7.9,958
1500000,3083,en,Mr. Smith Goes to Washington,12.2624,10/19/1939,9600000,129,Released,Romance; drama; laughter and heartbreak... created out of the very heart and soil of America!,Mr. Smith Goes to Washington,7.9,241
878000,289,en,Casablanca,43.729123,11/26/1942,10462500,102,Released,They had a date with fate in Casablanca!,Casablanca,7.9,1422
0,13963,en,The Last Waltz,3.277287,5/1/1978,321952,117,Released,It Started as a Concert. It Became a Celebration.,The Last Waltz,7.9,64
165000000,177572,en,Big Hero 6,203.73459,10/24/2014,652105443,102,Released,From the creators of Wreck-it Ralph and Frozen,Big Hero 6,7.8,6135
100000000,68718,en,Django Unchained,82.121691,12/25/2012,425368238,165,Released,Life; liberty and the pursuit of vengeance.,Django Unchained,7.8,10099
80000000,11324,en,Shutter Island,81.914696,2/18/2010,294804195,138,Released,Someone is missing.,Shutter Island,7.8,6336
60000000,37165,en,The Truman Show,56.488027,6/4/1998,264118201,103,Released,On the air. Unaware.,The Truman Show,7.8,4537
52000000,524,en,Casino,40.06688,11/22/1995,116112375,178,Released,No one stays at the top forever.,Casino,7.8,1307
15000000,1091,en,The Thing,52.731379,6/25/1982,19629760,109,Released,Man is The Warmest Place to Hide.,The Thing,7.8,1588
33000000,13223,en,Gran Torino,50.7453,12/9/2008,269958228,116,Released,Ever come across somebody you shouldn't have messed with?,Gran Torino,7.8,3086
25000000,50014,en,The Help,42.191509,8/9/2011,124272124,146,Released,Change begins with a whisper.,The Help,7.8,1910
20000000,314365,en,Spotlight,41.503588,11/6/2015,88346473,128,Released,Break the story. Break the silence.,Spotlight,7.8,2686
15000000,5915,en,Into the Wild,43.644978,9/11/2007,56255142,148,Released,Into the heart. Into the soul.,Into the Wild,7.8,3045
18000000,279,en,Amadeus,31.82675,10/26/1984,51973029,160,Released,...Everything you've heard is true,Amadeus,7.8,1076
15000000,11778,en,The Deer Hunter,19.786392,12/8/1978,50000000,183,Released,One of the most important and powerful films of all time!,The Deer Hunter,7.8,921
15000000,266856,en,The Theory of Everything,61.182331,11/26/2014,123726688,123,Released,His Mind Changed Our World. Her Love Changed His.,The Theory of Everything,7.8,3311
15000000,947,en,Lawrence of Arabia,41.286336,12/10/1962,69995385,216,Released,,Lawrence of Arabia,7.8,851
15000000,115,en,The Big Lebowski,49.230089,3/6/1998,46189568,117,Released,Times like these call for a Big Lebowski.,The Big Lebowski,7.8,2926
0,122906,en,About Time,74.817641,8/16/2013,87100449,123,Released,What if every moment in life came with a second chance?,About Time,7.8,2067
8000000,235,en,Stand by Me,51.109279,8/22/1986,52287414,89,Released,For some; it's the last real taste of innocence; and the first real taste of life. But for everyone; it's the time that memories are made of.,Stand by Me,7.8,1522
4000000,7347,pt,Tropa de Elite,23.604936,10/12/2007,0,115,Released,On the streets of Rio only the elite survive,Elite Squad,7.8,504
4000000,703,en,Annie Hall,35.892034,4/19/1977,38251425,93,Released,A nervous romance.,Annie Hall,7.8,1010
4000000,5925,en,The Great Escape,35.061467,6/20/1963,11744471,172,Released,Put a fence in front of these men... and they'll climb it!,The Great Escape,7.8,717
2000000,25376,es,El secreto de sus ojos,25.894065,8/13/2009,33965843,129,Released,,The Secret in Their Eyes,7.8,626
4000000,627,en,Trainspotting,63.513324,2/23/1996,16491080,93,Released,Choose life.,Trainspotting,7.8,2655
2540800,872,en,Singin' in the Rain,36.556954,4/10/1952,7200000,103,Released,What a Glorious Feeling!,Singin' in the Rain,7.8,727
2000000,8885,he,Vals Im Bashir,14.08251,6/25/2008,11125849,90,Released,,Waltz with Bashir,7.8,291
0,159037,ar,The Square,4.892203,6/7/2013,0,88,Released,What does it mean to risk your life for your ideals? How far will five revolutionaries go in defending their beliefs in the fight for their nation?,The Square,7.8,55
0,310569,pt,Que Horas Ela Volta?,9.683622,2/8/2015,0,110,Released,,The Second Mother,7.8,165
800000,25461,en,Raising Victor Vargas,3.643662,5/16/2002,2816116,88,Released,,Raising Victor Vargas,7.8,13
0,78705,en,Cama adentro,0.038706,9/21/2004,0,83,Released,,Live-In Maid,7.8,3
2053648,14271,en,Beyond the Mat,2.778633,10/22/1999,500000,102,Released,,Beyond the Mat,7.8,17
400000,762,en,Monty Python and the Holy Grail,64.782984,3/13/1975,5028948,91,Released,And now! At Last! Another film completely different from some of the other films which aren't quite the same as this one is.,Monty Python and the Holy Grail,7.8,1708
0,10238,sv,Viskningar och rop,11.347855,12/21/1972,0,91,Released,A haunting and shattering film experience.,Cries and Whispers,7.8,115
0,48035,da,Ordet,3.225189,1/9/1955,0,126,Released,,Ordet,7.8,65
175000000,14160,en,Up,92.201962,5/13/2009,735099082,96,Released,,Up,7.7,6870
130000000,673,en,Harry Potter and the Prisoner of Azkaban,79.679601,5/31/2004,789804554,141,Released,Something wicked this way comes.,Harry Potter and the Prisoner of Azkaban,7.7,5877
100000000,280,en,Terminator 2: Judgment Day,101.74155,7/1/1991,520000000,137,Released,It's nothing personal.,Terminator 2: Judgment Day,7.7,4185
60000000,453,en,A Beautiful Mind,59.248437,12/11/2001,313542341,135,Released,I need to believe that something extra ordinary is possible...,A Beautiful Mind,7.7,3009
72000000,197,en,Braveheart,60.722162,5/24/1995,210000000,177,Released,Every man dies. Not every man truly lives.,Braveheart,7.7,3336
55000000,1402,en,The Pursuit of Happyness,80.581367,12/14/2006,307077295,117,Released,,The Pursuit of Happyness,7.7,2525
30000000,24,en,Kill Bill: Vol. 1,79.754966,10/10/2003,180949000,111,Released,Go for the kill.,Kill Bill: Vol. 1,7.7,4949
52000000,640,en,Catch Me If You Can,73.944049,12/25/2002,352114312,141,Released,The true story of a real fake.,Catch Me If You Can,7.7,3795
54000000,752,en,V for Vendetta,84.630969,3/15/2006,132511035,132,Released,People should not be afraid of their governments. Governments should be afraid of their people.,V for Vendetta,7.7,4442
40000000,745,en,The Sixth Sense,73.085576,8/6/1999,672806292,107,Released,Not every gift is a blessing.,The Sixth Sense,7.7,3147
38000000,96721,en,Rush,33.003828,9/2/2013,90247624,123,Released,Everyone's driven by something.,Rush,7.7,2277
35000000,2118,en,L.A. Confidential,24.860326,9/19/1997,126216940,138,Released,Everything is suspect... Everyone is for sale... And nothing is what it seems.,L.A. Confidential,7.7,1310
35000000,9702,en,Bound by Honor,9.122828,2/5/1993,0,180,Released,An epic story of three brothers. Bound by blood. Divided by fate. Driven by destiny.,Bound by Honor,7.7,115
30000000,862,en,Toy Story,73.640445,10/30/1995,373554033,81,Released,,Toy Story,7.7,5269
30000000,70,en,Million Dollar Baby,70.456012,12/15/2004,216763646,132,Released,Beyond his silence; there is a past. Beyond her dreams; there is a feeling. Beyond hope; there is a memory. Beyond their journey; there is a love.,Million Dollar Baby,7.7,2439
29000000,11036,en,The Notebook,55.109138,6/25/2004,115603229,123,Released,Behind every great love is a great story.,The Notebook,7.7,3067
28000000,277216,en,Straight Outta Compton,61.76233,8/13/2015,201634991,147,Released,The Story of N.W.A.,Straight Outta Compton,7.7,1355
28000000,4348,en,Pride & Prejudice,36.58383,9/16/2005,121147947,135,Released,A romance ahead of its time.,Pride & Prejudice,7.7,1358
25000000,6977,en,No Country for Old Men,53.645267,11/8/2007,171600000,122,Released,There are no clean getaways.,No Country for Old Men,7.7,3003
25000000,59440,en,Warrior,51.915025,9/9/2011,23057115,140,Released,Fight for Family,Warrior,7.7,1272
13500000,152742,en,La migliore offerta,30.058263,1/1/2013,19255873,124,Released,A Master of Possession. A Crime of Obsession,The Best Offer,7.7,704
18000000,85,en,Raiders of the Lost Ark,68.159596,6/12/1981,389925971,115,Released,Indiana Jones - the new hero from the creators of JAWS and STAR WARS.,Raiders of the Lost Ark,7.7,3854
18000000,1578,en,Raging Bull,35.524457,11/14/1980,23000000,129,Released,,Raging Bull,7.7,938
18500000,679,en,Aliens,67.66094,7/18/1986,183316455,137,Released,This Time It's War,Aliens,7.7,3220
16000000,28178,en,Hachi: A Dog's Tale,43.217089,6/13/2009,47801389,93,Released,A true story of faith; devotion and undying love.,Hachi: A Dog's Tale,7.7,1717
15000000,873,en,The Color Purple,17.571533,12/18/1985,146292009,154,Released,It's about life. It's about love. It's about us.,The Color Purple,7.7,338
14000000,33,en,Unforgiven,37.380435,8/7/1992,159157447,131,Released,Some legends will never be forgotten. Some wrongs can never be forgiven.,Unforgiven,7.7,1113
18339750,613,de,Der Untergang,32.445895,9/8/2004,92180910,156,Released,April 1945; a nation awaits its...Downfall,Downfall,7.7,1037
13000000,84892,en,The Perks of Being a Wallflower,43.444135,9/20/2012,33400000,102,Released,We are infinite.,The Perks of Being a Wallflower,7.7,2968
12500000,14574,en,The Boy in the Striped Pyjamas,34.821223,5/7/2008,20416563,94,Released,Lines may divide us; but hope will unite us.,The Boy in the Striped Pyjamas,7.7,1451
10000000,107,en,Snatch,53.595686,9/1/2000,83557872,103,Released,Stealin' Stones and Breakin' Bones.,Snatch,7.7,2912
11000000,3175,en,Barry Lyndon,29.543331,12/18/1975,20000000,184,Released,At long last Redmond Barry became a gentleman - and that was his tragedy.,Barry Lyndon,7.7,505
10000000,404,en,The Straight Story,15.280261,10/15/1999,0,112,Released,,The Straight Story,7.7,306
12000000,26022,en,My Name Is Khan,14.719886,2/12/2010,42345360,145,Released,I am Muslim and i am not a terrorist,My Name Is Khan,7.7,232
7300000,2011,fr,Persepolis,24.281951,5/23/2007,0,95,Released,,Persepolis,7.7,450
7000000,24985,en,The Heart of Me,1.498245,1/1/2002,0,96,Released,,The Heart of Me,7.7,5
6000000,141,en,Donnie Darko,61.210016,1/18/2001,1270522,113,Released,You can never go too far,Donnie Darko,7.7,3452
4500000,17139,nl,Karakter,0.011697,4/17/1997,0,122,Released,,Character,7.7,25
0,12093,sv,Lilja 4-Ever,7.759215,8/23/2002,0,109,Released,,Lilya 4-ever,7.7,139
3800000,10774,en,Network,17.234745,11/1/1976,23689877,121,Released,Not since the dawn of time has America experienced a man like Howard Beale!,Network,7.7,381
4000000,770,en,Gone with the Wind,48.98255,12/15/1939,400176459,238,Released,The greatest romance of all time!,Gone with the Wind,7.7,970
3000000,826,en,The Bridge on the River Kwai,23.109959,10/2/1957,33300000,161,Released,It spans a whole new world of entertainment!,The Bridge on the River Kwai,7.7,542
2800000,3034,en,Young Frankenstein,36.444894,12/15/1974,86273333,106,Released,The scariest comedy of all time!,Young Frankenstein,7.7,854
2500000,76,en,Before Sunrise,23.672571,1/27/1995,5535405,105,Released,Can the greatest romance of your life last only one night?,Before Sunrise,7.7,959
2000000,44639,en,Inside Job,16.930914,10/8/2010,7871522,109,Released,The film that cost $20;000;000;000;000 to make.,Inside Job,7.7,286
1300000,309,da,Festen,10.240917,5/20/1998,0,105,Released,,The Celebration,7.7,207
1288000,223,en,Rebecca,18.426825,4/12/1940,6000000,130,Released,The shadow of this woman darkened their love.,Rebecca,7.7,336
0,47686,en,Dream with the Fishes,0.948316,1/1/1997,0,97,Released,An oddball odyssey about voyeurism; LSD and nude bowling!,Dream with the Fishes,7.7,10
0,74510,en,Kevin Hart: Laugh at My Pain,5.498834,9/9/2011,0,89,Released,Alright! Alright! Alright!,Kevin Hart: Laugh at My Pain,7.7,43
700000,14275,en,Hoop Dreams,9.188431,9/12/1994,7830611,171,Released,An Extraordinary True Story.,Hoop Dreams,7.7,87
325000,3078,en,It Happened One Night,11.871424,2/22/1934,4500000,105,Released,TOGETHER... for the first time,It Happened One Night,7.7,275
250,173224,en,Along the Roadside,0.166655,2/28/2013,0,118,Released,,Along the Roadside,7.7,3
0,13363,en,The Man from Earth,31.339015,6/10/2007,0,87,Released,From one of the acclaimed writers of Star Trek and The Twilight Zone comes a story that transcends both time and space...,The Man from Earth,7.7,687
250000000,49026,en,The Dark Knight Rises,112.31295,7/16/2012,1084939099,165,Released,The Legend Ends,The Dark Knight Rises,7.6,9106
250000000,57158,en,The Hobbit: The Desolation of Smaug,94.370564,12/11/2013,958400000,161,Released,Beyond darkness... beyond desolation... lies the greatest danger of all.,The Hobbit: The Desolation of Smaug,7.6,4524
200000000,10193,en,Toy Story 3,59.995418,6/16/2010,1066969703,103,Released,No toy gets left behind.,Toy Story 3,7.6,4597
178000000,137113,en,Edge of Tomorrow,79.456485,5/27/2014,370541256,113,Released,Live; Die; Repeat,Edge of Tomorrow,7.6,4858
170000000,100402,en,Captain America: The Winter Soldier,72.225265,3/20/2014,714766572,136,Released,In heroes we trust.,Captain America: The Winter Soldier,7.6,5764
145000000,82702,en,How to Train Your Dragon 2,100.21391,6/12/2014,609123048,102,Released,The training is over.,How to Train Your Dragon 2,7.6,3106
108000000,286217,en,The Martian,167.93287,9/30/2015,630161890,141,Released,Bring Him Home,The Martian,7.6,7268
94000000,12,en,Finding Nemo,85.688789,5/30/2003,940335536,100,Released,There are 3.7 trillion fish in the ocean; they're looking for one.,Finding Nemo,7.6,6122
90000000,10674,en,Mulan,67.427755,6/18/1998,304320254,88,Released,This time; the princess saves the prince.,Mulan,7.6,2008
64000000,309809,en,The Little Prince,35.384423,7/29/2015,97571250,92,Released,Growing up isn't the problem... forgetting is.,The Little Prince,7.6,756
70000000,587,en,Big Fish,46.199482,12/25/2003,122919055,125,Released,An adventure as big as life itself.,Big Fish,7.6,1994
63000000,329,en,Jurassic Park,40.413191,6/11/1993,920100000,127,Released,An adventure 65 million years in the making.,Jurassic Park,7.6,4856
44000000,273248,en,The Hateful Eight,68.717016,12/25/2015,155760117,167,Released,No one comes up here without a damn good reason.,The Hateful Eight,7.6,4274
55000000,109424,en,Captain Phillips,52.786917,10/10/2013,95000000,134,Released,Out here survival is everything.,Captain Phillips,7.6,2454
30000000,393,en,Kill Bill: Vol. 2,50.622607,4/16/2004,152159461,136,Released,The bride is back for the final cut.,Kill Bill: Vol. 2,7.6,3948
70000000,10386,en,The Iron Giant,61.245957,8/6/1999,23159305,86,Released,It came from outer space!,The Iron Giant,7.6,1436
48000000,89,en,Indiana Jones and the Last Crusade,80.972475,5/24/1989,474171806,127,Released,The man with the hat is back. And this time; he's bringing his Dad.,Indiana Jones and the Last Crusade,7.6,3152
25000000,322,en,Mystic River,31.242999,10/7/2003,156822020,138,Released,We bury our sins; we wash them clean.,Mystic River,7.6,1422
25000000,380,en,Rain Man,49.510658,12/11/1988,412800000,133,Released,A journey through understanding and fellowship.,Rain Man,7.6,1709
25000000,117,en,The Untouchables,38.272889,6/2/1987,76270454,119,Released,What are you prepared to do?,The Untouchables,7.6,1384
40000000,3558,en,Girl; Interrupted,10.713521,12/21/1999,0,127,Released,The crazy thing is; you're not crazy.,Girl; Interrupted,7.6,721
20000000,296096,en,Me Before You,53.161905,6/2/2016,207945075,110,Released,#LiveBoldly,Me Before You,7.6,2562
22000000,581,en,Dances with Wolves,45.707835,11/9/1990,424208848,181,Released,Inside everyone is a frontier waiting to be discovered.,Dances with Wolves,7.6,1046
16000000,83666,en,Moonrise Kingdom,41.083914,5/16/2012,68263166,94,Released,A tormenting and surprising story of children and adults during the stormy days of the summer of 1965.,Moonrise Kingdom,7.6,1662
19000000,1417,es,El laberinto del fauno,90.809408,5/27/2006,83258226,118,Released,What happens when make-believe believes it's real?,Pan's Labyrinth,7.6,3041
26000000,9800,en,Philadelphia,44.301745,12/22/1993,206678440,125,Released,No one would take on his case... until one man was willing to take on the system.,Philadelphia,7.6,988
15000000,45269,en,The King's Speech,54.053576,9/6/2010,414211549,118,Released,Find your voice.,The King's Speech,7.6,2752
16000000,2493,en,The Princess Bride,44.533612,9/18/1987,30857814,98,Released,It's as real as the feelings you feel.,The Princess Bride,7.6,1486
15000000,1018,en,Mulholland Drive,31.60985,5/16/2001,20117339,147,Released,An actress longing to be a star. A woman searching for herself. Both worlds will collide... on Mulholland Drive.,Mulholland Drive,7.6,1477
15000000,12405,en,Slumdog Millionaire,59.258969,5/12/2008,377910544,120,Released,What does it take to find a lost love? A. Money; B. Luck; C. Smarts; D. Destiny,Slumdog Millionaire,7.6,2827
15000000,264660,en,Ex Machina,95.130041,1/21/2015,36869414,108,Released,There is nothing more human than the will to survive,Ex Machina,7.6,4737
12800000,16,en,Dancer in the Dark,22.022228,5/17/2000,40031879,140,Released,You don't need eyes to see.,Dancer in the Dark,7.6,377
12000000,222935,en,The Fault in Our Stars,74.358971,5/16/2014,307166834,125,Released,One Sick Love Story,The Fault in Our Stars,7.6,3759
8500000,242582,en,Nightcrawler,89.095538,10/23/2014,38697217,117,Released,The city shines brightest at night,Nightcrawler,7.6,3395
6244087,576,en,The Wild Bunch,14.970654,6/17/1969,638641,145,Released,If you only want to spend two hours in a movie theatre and go home and forget it; stay away from THE WILD BUNCH.,The Wild Bunch,7.6,259
0,183894,en,Emma,2.135689,10/11/2009,0,240,Released,,Emma,7.6,38
6500000,925,en,Do the Right Thing,15.580335,6/30/1989,37295445,120,Released,It's the hottest day of the summer. You can do nothing; you can do something; or you can...,Do the Right Thing,7.6,292
5000000,17431,en,Moon,46.114184,6/12/2009,9760104,97,Released,The last place you'd ever expect to find yourself.,Moon,7.6,1794
3600000,765,en,Evil Dead II,35.674774,3/13/1987,5923044,84,Released,The Sequel To The Ultimate Experience In Grueling Terror,Evil Dead II,7.6,742
3000000,261,en,Cat on a Hot Tin Roof,16.553594,2/17/1958,17570324,108,Released,Just one pillow on her bed ... and just one desire in her heart!,Cat on a Hot Tin Roof,7.6,165
3000000,821,en,Judgment at Nuremberg,13.338539,12/1/1961,10000000,186,Released,The event the world will never forget,Judgment at Nuremberg,7.6,155
0,16642,en,Days of Heaven,13.857194,9/13/1978,0,94,Released,Your eyes... Your ears... Your senses... will be overwhelmed.,Days of Heaven,7.6,234
2900000,666,pt,Central do Brasil,5.928937,1/16/1998,5596708,113,Released,He was looking for the father he never knew. She was looking for a second chance.,Central Station,7.6,126
0,21461,en,Lage Raho Munna Bhai,2.436019,1/1/2006,0,144,Released,They're back... and they're not alone!,Lage Raho Munna Bhai,7.6,44
2600000,291,en,Riding Giants,0.895946,7/9/2004,3166000,105,Released,,Riding Giants,7.6,23
2100000,887,en,The Best Years of Our Lives,8.38717,12/25/1946,23650000,172,Released,Three wonderful loves in the best picture of the year!,The Best Years of Our Lives,7.6,143
2000000,990,en,The Hustler,17.639478,9/25/1961,7600000,134,Released,They called him Fast Eddie. He was a winner. He was a loser. He was a hustler.,The Hustler,7.6,240
2700000,80,en,Before Sunset,14.799323,2/10/2004,15992615,80,Released,What if you had a second chance with the one that got away?,Before Sunset,7.6,718
2000000,55,es,Amores perros,23.281616,6/16/2000,20908467,154,Released,Love. Betrayal. Death.,Amores perros,7.6,521
0,11194,en,Touching the Void,14.045887,9/5/2003,13885802,106,Released,,Touching the Void,7.6,138
2000000,14284,en,In the Shadow of the Moon,3.43159,1/19/2007,0,109,Released,,In the Shadow of the Moon,7.6,31
1800000,702,en,A Streetcar Named Desire,14.884756,9/18/1951,8000000,125,Released,...Blanche; who wanted so much to stay a lady...,A Streetcar Named Desire,7.6,281
0,15976,he,Ha-Buah,1.49436,6/6/2006,0,114,Released,,The Bubble,7.6,20
0,258755,es,A escondidas,1.233688,10/3/2014,0,96,Released,,Hidden Away,7.6,26
750000,8416,it,Il conformista,8.429295,10/21/1970,0,107,Released,Bertolucci's Masterpiece about Sex and Politics,The Conformist,7.6,127
730000,288,en,High Noon,18.644023,3/27/1952,8000000,85,Released,The story of a man who was too proud to run.,High Noon,7.6,334
0,52032,en,My Dog Tulip,1.170257,1/1/2009,246574,83,Released,Sometimes; love really is a bitch.,My Dog Tulip,7.6,9
300000,2786,fr,Pierrot le fou,7.791898,8/29/1965,0,110,Released,,Pierrot le Fou,7.6,127
200000,391,it,Per un pugno di dollari,38.771062,9/12/1964,14500000,99,Released,In his own way he is perhaps; the most dangerous man who ever lived!,A Fistful of Dollars,7.6,883
200000000,597,en,Titanic,100.025899,11/18/1997,1845034188,194,Released,Nothing on Earth could come between them.,Titanic,7.5,7562
250000000,127585,en,X-Men: Days of Future Past,118.078691,5/15/2014,747862775,131,Released,To save the future; they must alter the past,X-Men: Days of Future Past,7.5,6032
165000000,10191,en,How to Train Your Dragon,67.263269,3/5/2010,494878759,98,Released,One adventure will change two worlds,How to Train Your Dragon,7.5,4227
150000000,674,en,Harry Potter and the Goblet of Fire,101.250416,11/5/2005,895921036,157,Released,Dark And Difficult Times Lie Ahead.,Harry Potter and the Goblet of Fire,7.5,5608
150000000,2062,en,Ratatouille,65.677399,6/22/2007,623722818,111,Released,He's dying to become a chef.,Ratatouille,7.5,4369
150000000,272,en,Batman Begins,115.040024,6/10/2005,374218673,140,Released,Evil fears the knight.,Batman Begins,7.5,7359
125000000,671,en,Harry Potter and the Philosopher's Stone,109.984351,11/16/2001,976475550,152,Released,Let the Magic Begin.,Harry Potter and the Philosopher's Stone,7.5,7006
140000000,22,en,Pirates of the Caribbean: The Curse of the Black Pearl,271.972889,7/9/2003,655011224,143,Released,Prepare to be blown out of the water.,Pirates of the Caribbean: The Curse of the Black Pearl,7.5,6985
115000000,585,en,Monsters; Inc.,106.815545,11/1/2001,562816256,92,Released,We Scare Because We Care.,Monsters; Inc.,7.5,5996
90000000,8358,en,Cast Away,57.739713,12/22/2000,429632142,143,Released,At the edge of the world; his journey begins.,Cast Away,7.5,3218
60000000,137106,en,The Lego Movie,59.547928,2/6/2014,469160692,100,Released,The story of a nobody who saved everybody.,The Lego Movie,7.5,3070
55000000,11321,en,Seven Pounds,41.472404,12/18/2008,168167691,123,Released,Seven names. Seven strangers. One secret.,Seven Pounds,7.5,2039
50000000,2649,en,The Game,62.925175,9/12/1997,109423648,129,Released,What do you get for the man who has everything?,The Game,7.5,1506
40000000,820,en,JFK,26.82041,12/20/1991,205405498,189,Released,The story that wonâ€™t go away.,JFK,7.5,502
40000000,10315,en,Fantastic Mr. Fox,41.258956,10/23/2009,46471023,87,Released,Dig the life fantastic!,Fantastic Mr. Fox,7.5,1176
40000000,256040,te,Baahubali: The Beginning,16.254032,7/10/2015,100000000,159,Released,,Baahubali: The Beginning,7.5,135
37000000,334,en,Magnolia,30.993736,12/8/1999,48451803,188,Released,Things fall down. People look up. And when it rains; it pours.,Magnolia,7.5,825
36000000,782,en,Gattaca,70.398356,9/7/1997,12532777,106,Released,There is no gene for the human spirit.,Gattaca,7.5,1808
28000000,562,en,Die Hard,66.169628,7/15/1988,140767956,131,Released,40 Stories. Twelve Terrorists. One Cop.,Die Hard,7.5,3948
27000000,525,en,The Blues Brothers,44.714264,6/17/1980,115229890,133,Released,They'll never get caught. They're on a mission from God.,The Blues Brothers,7.5,1065
21000000,1646,en,Freedom Writers,17.746981,1/5/2007,41170784,123,Released,Their story. Their world. Their future.,Freedom Writers,7.5,356
20000000,162,en,Edward Scissorhands,47.51363,12/5/1990,53000000,105,Released,His scars run deep.,Edward Scissorhands,7.5,3601
17500000,205,en,Hotel Rwanda,28.60542,9/11/2004,38000000,121,Released,When the world closed its eyes; he opened his arms.,Hotel Rwanda,7.5,793
11500000,1245,en,The Remains of the Day,15.355589,11/5/1993,23237911,134,Released,Diamond in the Rough,The Remains of the Day,7.5,202
15000000,4995,en,Boogie Nights,19.85579,9/11/1997,43101594,155,Released,The life of a dreamer; the days of a business; and the nights in between.,Boogie Nights,7.5,796
15000000,68,en,Brazil,41.089863,2/20/1985,0,132,Released,It's only a state of mind.,Brazil,7.5,861
14000000,142,en,Brokeback Mountain,44.135568,9/2/2005,178043761,134,Released,Love is a force of nature.,Brokeback Mountain,7.5,1480
12500000,319,en,True Romance,35.268557,9/9/1993,12281551,120,Released,Stealing; Cheating; Killing. Who said romance was dead?,True Romance,7.5,749
12500000,9504,en,Glengarry Glen Ross,13.939054,9/15/1992,10725228,100,Released,Lie. Cheat. Steal. All in a dayâ€™s work.,Glengarry Glen Ross,7.5,323
8000000,9552,en,The Exorcist,47.584643,12/26/1973,441306145,122,Released,Something almost beyond comprehension is happening to a girl on this street; in this house... and a man has been sent for as a last resort. This man is The Exorcist.,The Exorcist,7.5,2005
7000000,578,en,Jaws,50.152327,6/18/1975,470654000,124,Released,Don't go in the water.,Jaws,7.5,2542
11000000,10229,en,A Walk to Remember,33.283554,1/25/2002,41227069,101,Released,She didn't belong. She was misunderstood. And she would change him forever.,A Walk to Remember,7.5,1018
11000000,1587,en,What's Eating Gilbert Grape,33.282794,12/17/1993,30000000,118,Released,A film about the love you find...In the last place you look.,What's Eating Gilbert Grape,7.5,919
9000000,11545,en,Rushmore,18.289303,9/17/1998,17096053,93,Released,Love. Expulsion. Revolution.,Rushmore,7.5,676
8900000,86837,fr,Amour,17.151293,7/1/2012,19839492,127,Released,,Amour,7.5,400
8000000,773,en,Little Miss Sunshine,14.793177,7/26/2006,100523181,102,Released,A family on the verge of a breakdown,Little Miss Sunshine,7.5,1686
0,385736,en,Kicks,3.467923,9/9/2016,0,80,Released,They aren't just shoes,Kicks,7.5,18
7500000,7735,de,Die Welle,25.281197,3/11/2008,19000000,107,Released,Evil is something that you learn,The Wave,7.5,841
0,24977,en,Michael Jordan to the Max,1.830306,5/5/2000,21268532,46,Released,Up close some heroes get even bigger.,Michael Jordan to the Max,7.5,10
0,5708,en,Control,11.357474,9/26/2007,8159508,121,Released,,Control,7.5,200
6000000,792,en,Platoon,49.802914,12/18/1986,138530565,120,Released,The first casualty of war is innocence.,Platoon,7.5,1205
0,5528,fr,Les Choristes,20.982455,3/17/2004,0,96,Released,,The Chorus,7.5,526
5500000,211954,es,No se Aceptan Devoluciones,9.59729,7/20/2013,99067206,115,Released,Life doesn't care if you're ready.,Instructions Not Included,7.5,205
5000000,284293,en,Still Alice,35.307577,12/5/2014,43884652,99,Released,,Still Alice,7.5,1104
4000000,747,en,Shaun of the Dead,49.12486,4/9/2004,30039392,99,Released,A romantic comedy. With zombies.,Shaun of the Dead,7.5,2420
114000,10331,en,Night of the Living Dead,25.666029,10/1/1968,30000000,96,Released,If it doesn't scare you; you're already dead!,Night of the Living Dead,7.5,580
4000000,85350,en,Boyhood,43.40352,6/5/2014,44349000,164,Released,12 years in the making.,Boyhood,7.5,1971
3900000,874,en,A Man for All Seasons,9.541688,12/12/1966,28350000,120,Released,...a motion picture for all times!,A Man for All Seasons,7.5,89
3200000,805,en,Rosemary's Baby,26.180367,6/12/1968,33395426,136,Released,Pray for Rosemary's Baby,Rosemary's Baby,7.5,863
2500000,24748,en,Hud,6.82919,5/29/1963,10000000,112,Released,The man with the barbed-wire soul.,Hud,7.5,66
0,14048,en,Man on Wire,14.331992,7/25/2008,2957978,94,Released,1974. 1350 feet up. The artistic crime of the century.,Man on Wire,7.5,275
1600000,592,en,The Conversation,20.810292,4/7/1974,4420000,113,Released,Harry Caul is an invader of privacy. The best in the business.,The Conversation,7.5,372
0,347755,en,Wind Walkers,0.446858,1/28/2016,0,93,Released,,Wind Walkers,7.5,6
1350000,100,en,Lock; Stock and Two Smoking Barrels,16.032594,3/5/1998,3897569,105,Released,A Disgrace to Criminals Everywhere.,Lock; Stock and Two Smoking Barrels,7.5,1648
1000000,1366,en,Rocky,72.19808,11/21/1976,117235147,119,Released,His whole life was a million-to-one shot.,Rocky,7.5,1791
0,361475,en,Departure,0.42583,5/20/2016,0,109,Released,,Departure,7.5,12
0,244267,en,I Origins,37.555398,7/18/2014,336472,106,Released,,I Origins,7.5,1063
1000000,123678,id,Jagal,8.887411,8/31/2012,444575,115,Released,A story of killers who win; and the society they build.,The Act of Killing,7.5,210
0,16653,en,The Singles Ward,0.920591,1/30/2002,0,102,Released,The Road to Eternal Marriage Has Never Been Longer,The Singles Ward,7.5,4
218,1435,en,Tarnation,1.063439,10/19/2003,1162014,91,Released,,Tarnation,7.5,22
250,51942,en,I Married a Strange Person!,0.293649,8/28/1998,203,72,Released,,I Married a Strange Person!,7.5,12
0,13187,en,A Charlie Brown Christmas,8.701183,12/9/1965,0,25,Released,That's what Christmas is all about; Charlie Brown!,A Charlie Brown Christmas,7.5,153
10000,985,en,Eraserhead,20.399578,3/19/1977,7000000,89,Released,Where your nightmares end...,Eraserhead,7.5,485
0,67238,en,Cavite,0.022173,3/12/2005,0,80,Released,,Cavite,7.5,2
260000000,38757,en,Tangled,48.681969,11/24/2010,591794936,100,Released,They're taking adventure to new lengths.,Tangled,7.4,3330
250000000,767,en,Harry Potter and the Half-Blood Prince,98.885637,7/7/2009,933959197,153,Released,Dark Secrets Revealed,Harry Potter and the Half-Blood Prince,7.4,5293
220000000,24428,en,The Avengers,144.448633,4/25/2012,1519557910,143,Released,Some assembly required.,The Avengers,7.4,11776
190000000,54138,en,Star Trek Into Darkness,78.291018,5/5/2013,467365246,132,Released,Earth Will Fall,Star Trek Into Darkness,7.4,4418
140000000,1726,en,Iron Man,120.725053,4/30/2008,585174222,126,Released,Heroes aren't born. They're built.,Iron Man,7.4,8776
150000000,675,en,Harry Potter and the Order of the Phoenix,78.144395,6/28/2007,938212738,138,Released,Evil Must Be Confronted.,Harry Potter and the Order of the Phoenix,7.4,5494
150000000,13475,en,Star Trek,73.616808,5/6/2009,385680446,127,Released,The future begins.,Star Trek,7.4,4518
130000000,101299,en,The Hunger Games: Catching Fire,76.310119,11/15/2013,847423452,146,Released,Every revolution begins with a spark.,The Hunger Games: Catching Fire,7.4,6495
100000000,672,en,Harry Potter and the Chamber of Secrets,132.397737,11/13/2002,876688482,161,Released,Hogwarts is back in session.,Harry Potter and the Chamber of Secrets,7.4,5815
100000000,4982,en,American Gangster,42.361215,11/2/2007,266465037,157,Released,There are two sides to the American dream,American Gangster,7.4,1502
92000000,9806,en,The Incredibles,77.817571,11/5/2004,631442092,115,Released,No gut; no glory,The Incredibles,7.4,5152
68000000,228150,en,Fury,139.575085,10/15/2014,211817906,135,Released,War never ends quietly.,Fury,7.4,3946
80000000,9023,en,Spirit: Stallion of the Cimarron,41.670544,5/24/2002,122563539,83,Released,Leader. Hero. Legend.,Spirit: Stallion of the Cimarron,7.4,831
76000000,9693,en,Children of Men,35.387874,9/22/2006,69959751,109,Released,The future's a thing of the past.,Children of Men,7.4,2071
60000000,786,en,Almost Famous,21.547446,9/15/2000,47383689,122,Released,Experience it. Enjoy it. Just don't fall for it.,Almost Famous,7.4,797
58000000,293660,en,Deadpool,514.569956,2/9/2016,783112979,108,Released,Witness the beginning of a happy ending,Deadpool,7.4,10995
58800000,190859,en,American Sniper,87.53437,12/11/2014,542307423,133,Released,The most lethal sniper in U.S. history.,American Sniper,7.4,4469
53000000,9444,en,Anastasia,45.565918,11/20/1997,139804348,94,Released,Discover the Adventure Behind the Greatest Mystery of Our Time.,Anastasia,7.4,1432
52500000,824,en,Moulin Rouge!,57.374341,3/9/2001,179213434,127,Released,No Laws. No Limits. One Rule. Never Fall In Love.,Moulin Rouge!,7.4,1300
40000000,165,en,Back to the Future Part II,43.345252,11/20/1989,332000000,108,Released,Roads? Where we're going; we don't need roads!,Back to the Future Part II,7.4,3829
40000000,193756,en,Lone Survivor,37.084384,12/24/2013,149295601,121,Released,Based on True Acts of Courage,Lone Survivor,7.4,1526
39000000,16320,en,Serenity,45.388937,8/25/2005,38869464,119,Released,Can't stop the signal.,Serenity,7.4,1264
35000000,9366,en,Donnie Brasco,40.370442,2/27/1997,41954997,127,Released,Based on a true story.,Donnie Brasco,7.4,1147
35000000,26843,en,Lion of the Desert,2.864979,4/17/1981,0,173,Released,He was a man of honor in a war without any.,Lion of the Desert,7.4,34
30000000,10637,en,Remember the Titans,25.996219,9/29/2000,136706683,113,Released,History is written by the winners.,Remember the Titans,7.4,821
30000000,59436,en,Midnight in Paris,43.753585,5/11/2011,151119219,94,Released,,Midnight in Paris,7.4,1990
53000000,4133,en,Blow,28.350529,4/4/2001,83282296,124,Released,Based on a True Story.,Blow,7.4,1317
30000000,4347,en,Atonement,33.369305,8/29/2007,129266061,123,Released,Torn apart by betrayal. Separated by war. Bound by love.,Atonement,7.4,1049
25000000,293863,en,The Age of Adaline,82.052056,4/16/2015,65663276,112,Released,Love is timeless.,The Age of Adaline,7.4,1990
18000000,9665,en,Glory,16.102271,12/15/1989,26828365,122,Released,Their innocence. Their heritage. Their lives.,Glory,7.4,383
28000000,812,en,Aladdin,92.982009,11/25/1992,504050219,90,Released,Wish granted!,Aladdin,7.4,3416
21000000,9428,en,The Royal Tenenbaums,24.13081,10/5/2001,71441250,110,Released,Family isnâ€™t a word; itâ€™s a sentence.,The Royal Tenenbaums,7.4,1286
27000000,186,en,Lucky Number Slevin,36.921445,2/24/2006,56308881,110,Released,Wrong Time. Wrong Place. Wrong Number.,Lucky Number Slevin,7.4,1323
25000000,11969,en,Tombstone,30.537845,12/25/1993,56505065,130,Released,Justice is coming.,Tombstone,7.4,626
23000000,746,en,The Last Emperor,21.189028,10/21/1987,43984230,163,Released,He was the Lord of Ten Thousand Years; the absolute monarch of China. He was born to rule a world of ancient tradition. Nothing prepared him for our world of change.,The Last Emperor,7.4,355
22000000,783,en,Gandhi,35.227212,11/30/1982,77737889,191,Released,His triumph changed the world forever.,Gandhi,7.4,716
22000000,38985,en,Sorcerer,9.088209,6/24/1977,12000000,121,Released,WANTED. Four men willing to drive a cargo of death to escape a life in hell.,Sorcerer,7.4,98
13000000,138843,en,The Conjuring,49.975409,7/18/2013,318000141,112,Released,Based on the true case files of the Warrens,The Conjuring,7.4,3092
1800000,1051,en,The French Connection,15.978136,10/9/1971,41158757,104,Released,There are no rules and no holds barred when Popeye cuts loose!,The French Connection,7.4,422
20000000,273895,en,Selma,29.023184,12/25/2014,66787908,127,Released,One dream can change the world.,Selma,7.4,817
21000000,4960,en,Synecdoche; New York,12.761176,10/24/2008,0,124,Released,,Synecdoche; New York,7.4,278
0,203833,en,The Book Thief,57.84156,11/8/2013,76586316,131,Released,Courage beyond words.,The Book Thief,7.4,1486
18000000,194662,en,Birdman,89.811154,8/27/2014,103215094,119,Released,or (The Unexpected Virtue of Ignorance),Birdman,7.4,4535
0,1933,en,The Others,25.881355,8/2/2001,0,101,Released,Sooner or later she'll see them; then everything will be different.,The Others,7.4,1660
17000000,11113,en,My Fair Lady,20.786616,10/21/1964,72070731,170,Released,The loverliest motion picture of them all!,My Fair Lady,7.4,352
300000,948,en,Halloween,30.301307,10/25/1978,70000000,91,Released,The Night He Came Home,Halloween,7.4,1035
0,228203,en,McFarland; USA,14.023082,2/20/2015,45710059,128,Released,Champions Can Come From Anywhere.,McFarland; USA,7.4,213
16000000,24226,en,The Verdict,7.980632,12/8/1982,53977250,129,Released,The doctors want to settle; the Church wants to settle; their lawyers want to settle; and even his own clients are desperate to settle. But Galvin is determined to defy them all. He will try the case.,The Verdict,7.4,131
16000000,16161,en,Baby Boy,7.854989,6/27/2001,29381649,130,Released,Just a Baby Boy.,Baby Boy,7.4,55
12000000,4638,en,Hot Fuzz,38.623178,2/14/2007,80573774,121,Released,Big cops. Small town. Moderate violence.,Hot Fuzz,7.4,2199
15000000,64690,en,Drive,49.294864,8/6/2011,78054825,100,Released,There are no clean getaways.,Drive,7.4,3725
20000000,14736,en,Love & Basketball,2.027393,4/21/2000,27728118,124,Released,All's fair in love and basketball.,Love & Basketball,7.4,88
15000000,8321,en,In Bruges,25.329493,2/8/2008,34533783,107,Released,Shoot first. Sightsee later.,In Bruges,7.4,1388
14600000,137,en,Groundhog Day,52.744331,2/11/1993,70906973,101,Released,He's having the worst day of his life... over; and over...,Groundhog Day,7.4,2301
14000000,2013,fr,Le scaphandre et le papillon,13.65494,5/22/2007,19777647,112,Released,Let your imagination set you free,The Diving Bell and the Butterfly,7.4,283
14000000,43949,en,Flipped,24.210698,8/6/2010,1755212,89,Released,You never forget your first love.,Flipped,7.4,418
12000000,205220,en,Philomena,29.019504,11/1/2013,100129872,98,Released,These two unlikely companions are on a journey to find her long lost son.,Philomena,7.4,579
12000000,129670,en,Nebraska,29.223881,9/21/2013,17654912,115,Released,Life's not about winning or losing. It's about how you get there in the end.,Nebraska,7.4,636
11000000,907,en,Doctor Zhivago,12.854853,12/22/1965,111858363,197,Released,Turbulent were the times and fiery was the love story of Zhivago; his wife and the passionate; tender Lara.,Doctor Zhivago,7.4,247
11000000,12837,en,The Secret Life of Bees,7.645979,9/17/2008,38105395,114,Released,Bring Your Girlfriends; Sisters; Mothers and Daughters.,The Secret Life of Bees,7.4,158
10000000,1542,en,Office Space,18.366362,2/19/1999,12827813,89,Released,Work sucks.,Office Space,7.4,1050
9000000,14811,en,Fiddler on the Roof,7.623979,11/3/1971,83304330,181,Released,To Life!,Fiddler on the Roof,7.4,134
9000000,10705,en,Henry V,4.641006,10/5/1989,0,137,Released,The great adventure of a king who defied the odds to prove himself a man.,Henry V,7.4,71
8200000,15121,en,The Sound of Music,37.960289,3/2/1965,286214286,174,Released,The happiest sound in all the world!,The Sound of Music,7.4,941
7000000,4251,hi,Veer-Zaara,3.721858,11/12/2004,29385320,192,Released,A Love Legend,Veer-Zaara,7.4,64
7000000,71859,en,We Need to Talk About Kevin,21.276864,9/28/2011,6038942,112,Released,,We Need to Talk About Kevin,7.4,677
6900000,9571,en,Dazed and Confused,26.181753,9/24/1993,7993039,102,Released,See it with a bud.,Dazed and Confused,7.4,583
6500000,650,en,Boyz n the Hood,17.705671,7/12/1991,57504069,112,Released,Once upon a time in South Central L.A... It ain't no fairy tale.,Boyz n the Hood,7.4,364
4800000,338,de,Good bye; Lenin!,11.086001,2/9/2003,79384880,121,Released,The German Democratic Republic lives on -- in 79 square meters!,Good bye; Lenin!,7.4,586
6000000,642,en,Butch Cassidy and the Sundance Kid,24.499996,9/23/1969,102308889,110,Released,Not that it matters; but most of it is true.,Butch Cassidy and the Sundance Kid,7.4,650
6000000,433,en,Mary Poppins,59.961523,8/27/1964,102272727,139,Released,It's supercalifragilisticexpialidocious!,Mary Poppins,7.4,1183
6000000,16619,en,Ordinary People,12.541983,9/19/1980,0,124,Released,Everything is in its proper place...except the past.,Ordinary People,7.4,145
6000000,1523,en,The Last King of Scotland,26.286954,9/1/2006,48027970,121,Released,Charming. Magnetic. Murderous.,The Last King of Scotland,7.4,558
0,13403,en,Hedwig and the Angry Inch,4.25422,7/20/2001,0,95,Released,An anatomically incorrect rock odyssey,Hedwig and the Angry Inch,7.4,80
5500000,11901,en,High Plains Drifter,19.127239,4/19/1973,15700000,105,Released,Welcome to Hell,High Plains Drifter,7.4,278
5000000,71,en,Billy Elliot,20.428237,5/18/2000,110000000,110,Released,Inside every one of us is a special talent waiting to come out. The trick is finding it.,Billy Elliot,7.4,750
5000000,244403,en,Rudderless,10.619574,10/17/2014,0,105,Released,The way back begins with a single chord.,Rudderless,7.4,105
1000000,12498,en,Sling Blade,14.805264,8/30/1996,24475416,135,Released,A simple man. A difficult choice.,Sling Blade,7.4,231
3600000,3116,en,Midnight Cowboy,21.119209,5/25/1969,44785053,113,Released,Whatever you hear about Midnight Cowboy is true.,Midnight Cowboy,7.4,299
3500000,18900,en,In Cold Blood,7.821438,12/14/1967,13007551,134,Released,,In Cold Blood,7.4,82
3500000,27029,en,The Nun's Story,3.281509,6/18/1959,12800000,149,Released,Her Faith Remained Strong and True in the Face of Africa's Terrors!,The Nun's Story,7.4,46
0,850,en,A Christmas Story,15.128316,11/18/1983,19294144,94,Released,Peace; Harmony; Comfort and Joy... Maybe Next Year.,A Christmas Story,7.4,344
3200000,11697,en,The Man Who Shot Liberty Valance,11.735287,4/22/1962,8000000,123,Released,Together For The First Time - James Stewart - John Wayne - in the masterpiece of four-time Academy Award winner John Ford,The Man Who Shot Liberty Valance,7.4,265
0,10162,en,Waking Ned,5.735912,9/15/1998,0,91,Released,How far would you go to win a fortune!,Waking Ned,7.4,54
3000000,132344,en,Before Midnight,23.299907,4/5/2013,11176469,108,Released,Everything's better with maturity.,Before Midnight,7.4,568
3000000,252,en,Willy Wonka & the Chocolate Factory,23.981601,6/29/1971,4000000,100,Released,It's Scrumdiddlyumptious!,Willy Wonka & the Chocolate Factory,7.4,798
3000000,10683,en,Happiness,10.757539,10/16/1998,2807390,139,Released,Finding happiness can be a tragic comedy.,Happiness,7.4,194
2777000,630,en,The Wizard of Oz,67.417542,8/15/1939,33754967,102,Released,We're off to see the Wizard; the wonderful Wizard of Oz!,The Wizard of Oz,7.4,1642
2380000,11798,en,This Is England,8.395624,9/12/2006,8176544,101,Released,Run with the crowd; stand alone; you decide.,This Is England,7.4,363
0,49020,en,Submarine,8.518866,3/18/2011,864659,97,Released,A comedy that doesn't let principles stand in the way of progress.,Submarine,7.4,443
1500000,18079,es,Nueve Reinas,8.589355,8/31/2000,0,114,Released,Sticky & Square,Nine Queens,7.4,153
0,426469,en,Growing Up Smith,0.71087,2/3/2017,0,102,Released,Itâ€™s better to stand out than to fit in.,Growing Up Smith,7.4,7
1250000,28580,en,The Lost Weekend,6.903314,11/25/1945,11000000,101,Released,The screen dares to open the strange and savage pages of a shocking bestseller!,The Lost Weekend,7.4,112
0,18570,en,Food; Inc.,15.017162,9/7/2008,0,94,Released,You'll never look at dinner the same way again.,Food; Inc.,7.4,217
1000000,159014,en,20 Feet from Stardom,5.247956,6/14/2013,0,89,Released,,20 Feet from Stardom,7.4,85
913000,292539,de,Food Chains,0.795698,4/26/2014,0,83,Released,,Food Chains,7.4,8
0,60421,fa,Circumstance,2.34239,8/26/2011,0,107,Released,,Circumstance,7.4,23
609000,3080,en,Top Hat,3.898498,9/6/1935,3202000,101,Released,They're Dancing Cheek-To-Cheek Again!,Top Hat,7.4,59
500000,2056,en,The Station Agent,11.578545,1/26/2003,8679814,88,Released,Loneliness is much better when you have got someone to share it with.,The Station Agent,7.4,210
385907,3059,en,Intolerance,3.232447,9/4/1916,8394751,197,Released,The Cruel Hand of Intolerance,Intolerance,7.4,60
8000,79120,en,Weekend,1.041254,9/22/2011,469947,96,Released,A (sort of) love story between two guys over a cold weekend in October.,Weekend,7.4,163
160000,1779,en,Roger & Me,3.284903,9/1/1989,6706368,91,Released,,Roger & Me,7.4,90
0,80215,en,Indie Game: The Movie,7.676677,5/18/2012,0,96,Released,,Indie Game: The Movie,7.4,203
27000,2292,en,Clerks,19.748658,9/13/1994,3151130,92,Released,Just because they serve you doesn't mean they like you.,Clerks,7.4,755
280000000,99861,en,Avengers: Age of Ultron,134.279229,4/22/2015,1405403694,141,Released,A New Age Has Come.,Avengers: Age of Ultron,7.3,6767
190000000,168259,en,Furious 7,102.322217,4/1/2015,1506249360,137,Released,Vengeance Hits Home,Furious 7,7.3,4176
105000000,64682,en,The Great Gatsby,61.196071,5/10/2013,351040419,143,Released,Reserving judgments is a matter of infinite hope... I come to the admission that it has a limit.,The Great Gatsby,7.3,3769
170000000,119450,en,Dawn of the Planet of the Apes,243.791743,6/26/2014,710644566,130,Released,One last chance for peace.,Dawn of the Planet of the Apes,7.3,4410
150000000,4922,en,The Curious Case of Benjamin Button,60.269279,11/24/2008,333932083,166,Released,Life isn't measured in minutes; but in moments.,The Curious Case of Benjamin Button,7.3,3292
150000000,109445,en,Frozen,165.125366,11/27/2013,1274219009,102,Released,Only the act of true love will thaw a frozen heart.,Frozen,7.3,5295
140000000,616,en,The Last Samurai,52.341226,12/5/2003,456758981,154,Released,In the face of an enemy; in the heart of one man; lies the soul of a warrior.,The Last Samurai,7.3,1895
135000000,281957,en,The Revenant,100.635882,12/25/2015,532950503,156,Released,(n. One who has returned; as if from the dead.),The Revenant,7.3,6396
70000000,2503,en,The Bourne Ultimatum,45.381501,8/3/2007,442824138,115,Released,Remember everything. Forgive nothing.,The Bourne Ultimatum,7.3,2888
105000000,49047,en,Gravity,110.153618,9/27/2013,716392705,91,Released,Don't Let Go,Gravity,7.3,5751
150000000,36557,en,Casino Royale,88.935165,11/14/2006,599045960,144,Released,Everyone has a past. Every legend has a beginning.,Casino Royale,7.3,3855
100000000,1372,en,Blood Diamond,52.792678,12/7/2006,170877916,143,Released,It will cost you everything.,Blood Diamond,7.3,2281
90000000,18,en,The Fifth Element,109.528572,5/7/1997,263920180,126,Released,There is no future without it.,The Fifth Element,7.3,3885
90000000,863,en,Toy Story 2,73.575118,10/30/1999,497366869,92,Released,The toys are back!,Toy Story 2,7.3,3806
88000000,921,en,Cinderella Man,24.100863,6/2/2005,108539911,144,Released,One man's extraordinary fight to save the family he loved.,Cinderella Man,7.3,616
85000000,1904,en,Memoirs of a Geisha,16.595874,12/6/2005,162242962,145,Released,My world is as forbidden as it is fragile; without its mysteries; it cannot survive.,Memoirs of a Geisha,7.3,652
0,16858,en,All That Jazz,5.159407,12/20/1979,37823676,123,Released,All that work. All that glitter. All that pain. All that love. All that crazy rhythm. All that jazz.,All That Jazz,7.3,85
65000000,1949,en,Zodiac,51.970905,3/2/2007,84785914,157,Released,There's more than one way to lose your life to a killer.,Zodiac,7.3,2023
80000000,4147,en,Road to Perdition,49.078546,7/12/2002,181001478,117,Released,Pray for Michael Sullivan.,Road to Perdition,7.3,1077
0,36970,en,Oceans,10.706613,10/17/2009,19406406,84,Released,Explore the depths of our planet's oceans.  Experience the stories that connect their world to ours.,Oceans,7.3,111
75000000,75656,en,Now You See Me,71.124686,5/29/2013,117698894,115,Released,4 amazing magicians. 3 impossible heists. 1 billion dollars. This is no illusion.,Now You See Me,7.3,5487
90000000,9008,en,The Insider,26.153669,10/28/1999,60289912,157,Released,Two men driven to tell the truth... whatever the cost.,The Insider,7.3,481
52000000,568,en,Apollo 13,68.140214,6/30/1995,355237933,140,Released,Houston; we have a problem.,Apollo 13,7.3,1599
65000000,227306,en,Unbroken,43.055253,12/25/2014,163442937,137,Released,Survival. Resilience. Redemption.,Unbroken,7.3,1400
60000000,2501,en,The Bourne Identity,86.476817,6/14/2002,214034224,119,Released,He was the perfect weapon until he became the target.,The Bourne Identity,7.3,3583
60000000,14836,en,Coraline,51.146047,2/5/2009,124596398,100,Released,Be careful what you wish for.,Coraline,7.3,1386
70000000,9509,en,Man on Fire,45.299089,4/23/2004,130293714,146,Released,Creasy's art is death; and he is about to paint his masterpiece.,Man on Fire,7.3,1553
55000000,3580,en,Changeling,27.50916,1/30/2008,113020255,141,Released,To find her son; she did what no one else dared.,Changeling,7.3,1131
2000000,802,en,Lolita,23.962109,6/13/1962,9250000,153,Released,How did they ever make a movie of ...,Lolita,7.3,395
60000000,808,en,Shrek,67.298732,5/16/2001,484409218,90,Released,The greatest fairy tale never told.,Shrek,7.3,4056
45000000,388,en,Inside Man,45.220386,3/23/2006,184376254,129,Released,It looked like the perfect bank robbery. But you can't judge a crime by its cover.,Inside Man,7.3,1630
50000000,228326,en,The Book of Life,34.890999,10/1/2014,97437106,95,Released,,The Book of Life,7.3,755
50000000,11615,en,The Life of David Gale,22.442241,2/21/2003,38955598,130,Released,The crime is clear. The truth is not.,The Life of David Gale,7.3,480
45000000,2034,en,Training Day,52.081131,10/5/2001,104876233,122,Released,The only thing more dangerous than the line being crossed; is the cop who will cross it.,Training Day,7.3,1634
30000000,7214,en,Coach Carter,23.234651,1/14/2005,76669806,136,Released,It begins on the street. It ends here.,Coach Carter,7.3,496
44000000,819,en,Sleepers,16.245068,10/18/1996,165615285,147,Released,When friendship runs deeper than blood.,Sleepers,7.3,715
35000000,11362,en,The Count of Monte Cristo,26.595983,1/23/2002,75395048,131,Released,Prepare for adventure. Count on revenge.,The Count of Monte Cristo,7.3,453
40000000,1579,en,Apocalypto,41.570047,12/7/2006,120175290,139,Released,No one can outrun their destiny.,Apocalypto,7.3,1221
15000000,9495,en,The Crow,44.690107,5/11/1994,94000000,102,Released,Real love is forever.,The Crow,7.3,953
37000000,312221,en,Creed,57.773583,11/25/2015,173567581,133,Released,Your legacy is more than a name,Creed,7.3,1915
35000000,140823,en,Saving Mr. Banks,31.957947,11/16/2013,112544580,125,Released,Where her book ended; their story began.,Saving Mr. Banks,7.3,1226
34000000,228205,en,The Longest Ride,41.946523,4/9/2015,63013281,128,Released,Two couples. Two love stories. One epic tale.,The Longest Ride,7.3,1064
30000000,17654,en,District 9,63.13678,8/5/2009,210819611,112,Released,You are not welcome here.,District 9,7.3,3382
30000000,307081,en,Southpaw,65.364452,6/15/2015,91709827,123,Released,Believe in Hope.,Southpaw,7.3,2067
28000000,69,en,Walk the Line,35.580032,9/13/2005,186438883,136,Released,Love is a burning thing.,Walk the Line,7.3,718
28000000,318846,en,The Big Short,57.518472,12/11/2015,133346506,130,Released,This is a true story.,The Big Short,7.3,2607
27000000,9549,en,The Right Stuff,17.567332,10/20/1983,21500000,193,Released,How the future began.,The Right Stuff,7.3,235
26000000,134,en,O Brother; Where Art Thou?,39.742009,8/30/2000,71868327,106,Released,They have a plan...but not a clue.,O Brother; Where Art Thou?,7.3,1112
25000000,9912,en,The World's Fastest Indian,8.450513,10/12/2005,0,127,Released,,The World's Fastest Indian,7.3,166
24000000,688,en,The Bridges of Madison County,17.606087,5/28/1995,182016617,135,Released,The path of Francesca Johnson's future seems destined due to an unexpected fork in the road...,The Bridges of Madison County,7.3,385
22000000,228194,en,The Hundred-Foot Journey,27.898438,8/6/2014,88880821,122,Released,Life's greatest journey begins with the first step.,The Hundred-Foot Journey,7.3,508
20000000,7979,en,The Kite Runner,10.446722,10/14/2007,73276047,128,Released,There is a way to be good again.,The Kite Runner,7.3,394
20000000,2639,en,Deconstructing Harry,11.352693,8/26/1997,10686841,96,Released,Harry Block has written a best seller... bout his best friends... he revealed their deepest secrets... and they're not pleased... now Harry Block is going to Hell...,Deconstructing Harry,7.3,187
19000000,2757,en,Adaptation.,26.441669,12/6/2002,32801173,114,Released,From the creator of Being John Malkovich; comes the story about the creator of Being John Malkovich.,Adaptation.,7.3,638
18000000,106,en,Predator,50.009408,6/11/1987,98235548,107,Released,If it bleeds; we can kill it...,Predator,7.3,2093
18000000,11644,en,Blow Out,13.628601,7/24/1981,12000000,108,Released,Murder has a sound all of its own!,Blow Out,7.3,236
18000000,522,en,Ed Wood,24.548633,9/27/1994,5887457,127,Released,When it came to making bad movies; Ed Wood was the best.,Ed Wood,7.3,630
0,10549,en,Hamlet,9.814785,12/25/1996,0,242,Released,,Hamlet,7.3,117
17000000,114150,en,Pitch Perfect,32.746486,9/28/2012,115350426,112,Released,Get pitch slapped.,Pitch Perfect,7.3,2247
16000000,639,en,When Harry Met Sally...,18.430419,7/21/1989,92823546,96,Released,Can two friends sleep together and still love each other in the morning?,When Harry Met Sally...,7.3,950
15000000,74643,en,The Artist,29.943316,5/15/2011,133432856,100,Released,A Breath Of Fresh Vintage Air,The Artist,7.3,1049
15000000,116,en,Match Point,30.669913,10/26/2005,85306374,124,Released,Passion Temptation Obsession,Match Point,7.3,1105
15000000,370980,it,Chiamatemi Francesco - Il Papa della gente,0.738646,12/3/2015,0,,Released,,Chiamatemi Francesco - Il Papa della gente,7.3,12
13000000,44214,en,Black Swan,91.285683,12/2/2010,327803731,108,Released,In the era of personal branding; the scariest possibility is that someone might be better at being you than you are.,Black Swan,7.3,4430
16000000,4951,en,10 Things I Hate About You,54.550275,3/30/1999,53478166,97,Released,How do I loathe thee? Let me count the ways.,10 Things I Hate About You,7.3,1701
13000000,1954,en,The Butterfly Effect,73.307513,1/22/2004,96060858,113,Released,Such minor changes; such huge consequences.,The Butterfly Effect,7.3,2060
13000000,492,en,Being John Malkovich,27.546914,9/30/1999,22863596,112,Released,Ever wanted to be someone else? Now you can.,Being John Malkovich,7.3,1101
12500000,21612,en,The Funeral,2.950618,1/26/1996,1227324,99,Released,One family; one murder; too many lies.,The Funeral,7.3,31
12000000,154,en,Star Trek II: The Wrath of Khan,22.434102,6/3/1982,96800000,113,Released,At the end of the universe lies the beginning of vengeance.,Star Trek II: The Wrath of Khan,7.3,675
12000000,184,en,Jackie Brown,40.631671,12/24/1997,39673162,154,Released,Six players on the trail of a half a million in Cash. There's only one question... Who's playing who?,Jackie Brown,7.3,1514
12000000,11202,en,Patton,21.933822,1/25/1970,89800000,172,Released,The Rebel Warrior,Patton,7.3,323
12000000,1360,en,Frida,18.422327,8/29/2002,56298474,123,Released,Prepare to be seduced,Frida,7.3,383
12400000,179144,it,La grande bellezza,32.523573,5/21/2013,8371085,142,Released,,The Great Beauty,7.3,720
11000000,10377,en,My Cousin Vinny,19.231507,3/13/1992,64088552,120,Released,Truth; Justice and the Gambini Way,My Cousin Vinny,7.3,384
11000000,249164,en,If I Stay,31.162838,8/21/2014,78874843,106,Released,Live for Love.,If I Stay,7.3,1368
